{
  "model": "Qwen/Qwen2.5-1.5B-Instruct",
  "layer": 16,
  "dir_norm": 11.679508209228516,
  "add_on_harmless": {
    "-2.0": 0.0,
    "-1.0": 0.0,
    "-0.5": 0.0,
    "0.0": 0.03125,
    "0.5": 0.125,
    "1.0": 0.625,
    "2.0": 0.90625
  },
  "add_on_harmful": {
    "-2.0": 0.0,
    "-1.0": 0.53125,
    "-0.5": 0.625,
    "0.0": 0.96875,
    "0.5": 0.96875,
    "1.0": 1.0,
    "2.0": 0.96875
  },
  "causal_sufficient": true,
  "causal_necessary": true
}