{
  "model": "Qwen/Qwen2.5-1.5B-Instruct",
  "layer": 16,
  "dir_norm": 18.917814254760742,
  "add_refusal_dir": {
    "-2.0": 0.0,
    "-1.0": 0.0,
    "-0.5": 0.0,
    "0.0": 0.0,
    "0.5": 0.5625,
    "1.0": 0.90625,
    "2.0": 0.5625
  },
  "add_random_dir": {
    "-2.0": 0.03125,
    "-1.0": 0.03125,
    "-0.5": 0.0,
    "0.0": 0.0,
    "0.5": 0.03125,
    "1.0": 0.0,
    "2.0": 0.0625
  },
  "remove_on_harmful": {
    "-2.0": 0.0,
    "-1.0": 0.1875,
    "-0.5": 0.625,
    "0.0": 0.90625,
    "0.5": 1.0,
    "1.0": 0.71875,
    "2.0": 0.8125
  },
  "sufficiency_refusal": 0.5625,
  "sufficiency_random": 0.0625,
  "specificity": 0.5,
  "necessity": 0.90625,
  "verdict": "\u5145\u5206\u6027\u6210\u7acb: refusal-dir \u7279\u5f02\u50ac\u62d2\u7edd, \u8fdc\u8d85\u968f\u673a\u6270\u52a8"
}