{
  "model": "Qwen/Qwen2.5-1.5B-Instruct",
  "n_layers": 28,
  "full_auc_per_layer": [
    0.0,
    0.020833333333333343,
    0.06249999999999999,
    0.35416666666666663,
    0.39583333333333326,
    0.4652777777777778,
    0.5902777777777777,
    0.5555555555555556,
    0.5833333333333333,
    0.7430555555555556,
    0.7708333333333334,
    0.8958333333333334,
    1.0,
    1.0,
    1.0,
    1.0,
    1.0,
    1.0,
    1.0,
    1.0,
    1.0,
    1.0,
    1.0,
    1.0,
    1.0,
    1.0,
    1.0,
    1.0,
    1.0
  ],
  "topic_matched_auc_per_layer": [
    0.0,
    0.0,
    0.0,
    0.0,
    0.0,
    0.0,
    0.0,
    0.0625,
    0.0,
    0.0,
    0.0,
    0.1875,
    0.25,
    0.375,
    1.0,
    1.0,
    1.0,
    1.0,
    1.0,
    1.0,
    1.0,
    1.0,
    1.0,
    1.0,
    1.0,
    1.0,
    1.0,
    1.0,
    1.0
  ],
  "full_peak_idx": 12,
  "tm_peak_idx": 14,
  "tm_max_auc": 1.0,
  "topic_matched_idx": [
    7,
    8,
    9,
    10,
    19,
    20,
    21,
    22
  ],
  "note": "hs[i]=layer i-1 \u8f93\u51fa; hs[0]=embedding"
}