{
  "model": "Qwen/Qwen2.5-1.5B-Instruct",
  "n_layers": 28,
  "per_layer_auc": [
    0.0,
    0.020833333333333343,
    0.06249999999999999,
    0.35416666666666663,
    0.39583333333333326,
    0.4652777777777778,
    0.5902777777777777,
    0.5555555555555556,
    0.5833333333333333,
    0.7430555555555556,
    0.7708333333333334,
    0.8958333333333334,
    1.0,
    1.0,
    1.0,
    1.0,
    1.0,
    1.0,
    1.0,
    1.0,
    1.0,
    1.0,
    1.0,
    1.0,
    1.0,
    1.0,
    1.0,
    1.0,
    1.0
  ],
  "peak_layer": 12,
  "early_auc": 0.2698412698412698,
  "mid_auc": 0.9409722222222221,
  "late_auc": 1.0
}